Pclass,Mean_Fare
1,84.15468749999992
2,20.66218315217391
3,13.675550101832997
